,Peak,Text_Avg
AllOpen,2447.37647339,38.6428592247
AllClose,2308.07980061,35.7483652022
Window50,2263.04791323,35.6482956651
Window100,2330.52092633,36.5058364908
MainDoor50,2327.28812252,37.0613178634
MainDoor100,2449.67334363,36.0957602339
SecondaryDoor50,2404.82843738,38.1680525164
SecondaryDoor100,2369.07956307,37.0587300425
